{
  "version": 1,
  "author": "Arvind Patil",
  "editor": "wokwi",
  "parts": [
    {
      "type": "wokwi-esp32-devkit-v1",
      "id": "esp",
      "top": 65.33,
      "left": 62,
      "rotate": 90,
      "attrs": {}
    },
    {
      "type": "wokwi-led-ring",
      "id": "ring1",
      "top": -81.9,
      "left": 36.25,
      "attrs": { "pixels": "16" }
    }
  ],
  "connections": [
    [ "esp:TX0", "$serialMonitor:RX", "", [] ],
    [ "esp:RX0", "$serialMonitor:TX", "", [] ],
    [ "esp:GND.2", "ring1:GND", "black", [ "v0" ] ],
    [ "ring1:VCC", "esp:3V3", "red", [ "v166.34", "h-40.49", "v2" ] ],
    [ "ring1:DIN", "esp:D5", "green", [ "v158.34", "h15.24" ] ]
  ],
  "dependencies": {}
}