{
  "version": 1,
  "author": "Arvind Patil",
  "editor": "wokwi",
  "parts": [
    { "type": "wokwi-attiny85", "id": "tiny", "top": 98.47, "left": 234.08, "attrs": {} },
    {
      "type": "wokwi-led-ring",
      "id": "ring1",
      "top": -69.75,
      "left": -6.12,
      "attrs": { "pixels": "16" }
    },
    {
      "type": "wokwi-led-ring",
      "id": "ring2",
      "top": -67.16,
      "left": 346.29,
      "attrs": { "pixels": "16" }
    }
  ],
  "connections": [
    [ "ring1:GND", "tiny:GND", "black", [ "v78.16", "h211.43" ] ],
    [ "ring2:GND", "tiny:GND", "black", [ "v66.93", "h-90.88" ] ],
    [ "ring1:VCC", "tiny:VCC", "red", [ "v19.42", "h144.82", "v-31.96", "h25.05" ] ],
    [ "ring2:VCC", "tiny:VCC", "red", [ "v32.38", "h-129.85", "v-41.46", "h-38.01" ] ],
    [ "ring1:DIN", "tiny:PB0", "green", [ "v10.78", "h162", "v-49.23", "h41.46" ] ],
    [ "ring2:DIN", "tiny:PB1", "green", [ "v121.35", "h-148.95" ] ]
  ],
  "dependencies": {}
}