{
  "version": 1,
  "author": "Arvind Patil",
  "editor": "wokwi",
  "parts": [
    {
      "type": "wokwi-esp32-devkit-v1",
      "id": "esp",
      "top": 138.51,
      "left": -8.7,
      "rotate": 270,
      "attrs": {}
    },
    {
      "type": "wokwi-led-ring",
      "id": "ring1",
      "top": -11.94,
      "left": -128.8,
      "attrs": { "pixels": "24" }
    },
    {
      "type": "wokwi-led-ring",
      "id": "ring2",
      "top": -13.6,
      "left": 49.47,
      "attrs": { "pixels": "24" }
    }
  ],
  "connections": [
    [ "esp:TX0", "$serialMonitor:RX", "", [] ],
    [ "esp:RX0", "$serialMonitor:TX", "", [] ],
    [ "ring2:GND", "esp:GND.1", "black", [ "v0" ] ],
    [ "ring1:GND", "esp:GND.1", "black", [ "v19.04", "h136.59" ] ],
    [ "ring1:VCC", "esp:3V3", "red", [ "v8.56", "h141.89" ] ],
    [ "ring2:VCC", "esp:3V3", "red", [ "v0" ] ],
    [ "ring1:DIN", "esp:D5", "green", [ "v18.69", "h71.12" ] ],
    [ "esp:D14", "ring2:DIN", "green", [ "v-72.19", "h81.1" ] ]
  ],
  "dependencies": {}
}