{
  "version": 1,
  "author": "Arvind Patil",
  "editor": "wokwi",
  "parts": [
    { "type": "wokwi-arduino-nano", "id": "nano", "top": 161.34, "left": -5.33, "attrs": {} },
    {
      "type": "wokwi-led-ring",
      "id": "ring1",
      "top": -89.36,
      "left": -18.41,
      "attrs": { "pixels": "24" }
    }
  ],
  "connections": [
    [ "ring1:GND", "nano:GND.2", "black", [ "v44.64", "h47.61" ] ],
    [ "ring1:VCC", "nano:5V", "red", [ "v95.31", "h30" ] ],
    [ "ring1:DIN", "nano:6", "green", [ "v0" ] ]
  ],
  "dependencies": {}
}