{
  "version": 1,
  "author": "Arvind Patil",
  "editor": "wokwi",
  "parts": [
    { "type": "wokwi-esp32-devkit-v1", "id": "esp", "top": 68.47, "left": 200.97, "attrs": {} },
    {
      "type": "wokwi-led-ring",
      "id": "ring1",
      "top": 25.63,
      "left": -14.12,
      "attrs": { "pixels": "24" }
    }
  ],
  "connections": [
    [ "esp:TX0", "$serialMonitor:RX", "", [] ],
    [ "esp:RX0", "$serialMonitor:TX", "", [] ],
    [ "ring1:GND", "esp:GND.2", "black", [ "v61.01", "h122.26", "v-67.84" ] ],
    [ "ring1:VCC", "esp:VIN", "red", [ "v31.21", "h120.9", "v-30.43" ] ],
    [ "ring1:DIN", "esp:D27", "green", [ "v8.38", "h82.14", "v-42.48" ] ]
  ],
  "dependencies": {}
}