{
  "version": 1,
  "author": "Arvind Patil",
  "editor": "wokwi",
  "parts": [
    {
      "type": "wokwi-esp32-devkit-v1",
      "id": "esp",
      "top": 33.26,
      "left": -21.04,
      "rotate": 90,
      "attrs": {}
    },
    {
      "type": "wokwi-led-ring",
      "id": "ring1",
      "top": -70.06,
      "left": 206.13,
      "attrs": { "pixels": "16" }
    },
    {
      "type": "wokwi-lcd1602",
      "id": "lcd1",
      "top": -73.9,
      "left": -111.25,
      "attrs": { "pins": "i2c" }
    }
  ],
  "connections": [
    [ "esp:TX0", "$serialMonitor:RX", "", [] ],
    [ "esp:RX0", "$serialMonitor:TX", "", [] ],
    [ "lcd1:GND", "esp:GND.2", "black", [ "h-27.37", "v92.38" ] ],
    [ "lcd1:VCC", "esp:VIN", "red", [ "h-7.69", "v110.03", "h93.66" ] ],
    [ "lcd1:SDA", "esp:D21", "white", [ "h-14.47", "v236.27", "h204.29" ] ],
    [ "lcd1:SCL", "esp:D22", "violet", [ "h-38.91", "v245.78", "h255.19" ] ],
    [ "ring1:GND", "esp:GND.2", "black", [ "v0" ] ],
    [ "ring1:VCC", "esp:3V3", "red", [ "v120.3", "h-290.02" ] ],
    [ "ring1:DIN", "esp:D5", "green", [ "v0" ] ]
  ],
  "dependencies": {}
}