{
  "version": 1,
  "author": "Arvind Patil",
  "editor": "wokwi",
  "parts": [
    {
      "type": "wokwi-esp32-devkit-v1",
      "id": "esp",
      "top": 97.44,
      "left": -26.09,
      "rotate": 90,
      "attrs": {}
    },
    {
      "type": "wokwi-led-ring",
      "id": "ring1",
      "top": -38.36,
      "left": 21.14,
      "attrs": { "pixels": "16" }
    },
    {
      "type": "wokwi-led-ring",
      "id": "ring2",
      "top": -25.38,
      "left": 185.7,
      "attrs": { "pixels": "16" }
    },
    {
      "type": "wokwi-led-ring",
      "id": "ring3",
      "top": -43.66,
      "left": -138.1,
      "attrs": { "pixels": "16" }
    }
  ],
  "connections": [
    [ "esp:TX0", "$serialMonitor:RX", "", [] ],
    [ "esp:RX0", "$serialMonitor:TX", "", [] ],
    [ "ring3:GND", "ring1:GND", "black", [ "v23.47", "h162.1" ] ],
    [ "ring1:GND", "ring2:GND", "black", [ "v27.01", "h157.39" ] ],
    [ "ring3:GND", "esp:GND.2", "black", [ "v32.9", "h61.84" ] ],
    [ "ring3:VCC", "ring1:VCC", "red", [ "v14.03", "h161.94" ] ],
    [ "ring1:VCC", "ring2:VCC", "red", [ "v19.94", "h161.94" ] ],
    [ "ring2:VCC", "esp:3V3", "red", [ "v142.02", "h-282.77" ] ],
    [ "ring3:DIN", "esp:D27", "green", [ "v28.19", "h92.77" ] ],
    [ "ring1:DIN", "esp:D26", "green", [ "v60.63", "h-72.37" ] ],
    [ "ring2:DIN", "esp:D25", "green", [ "v63.58", "h-223.95" ] ]
  ],
  "dependencies": {}
}